"","player","Salary","TeamAbbrev","dk_opp_abbr","est_pa","est_ra","est_dkpts","value"
"1","John Rhys Plumlee",8900,"UCF","UL",31.2653846740723,8.56230078612248,29.2146759033203,3.28254785430565
"2","Malik Cunningham",8300,"UL","UCF",26.507755279541,9.36068653287521,27.5825786590576,3.32320224807923
"3","Hank Bachmeier",6000,"BSU","UNM",31.024320602417,4.61202647878685,17.6533451080322,2.94222418467204
"4","Miles Kendrick",5300,"UNM","BSU",15.3747854232788,6.6665870157122,7.36479997634888,1.3895849011979
